<?xml version="1.0" encoding="UTF-8"?>
<vehicles>
<vehicle>
		<id>vehicle 1</id>
		<frame>
			<material>metal</material>
		</frame>
		<wheels>
			<wheel>
				<position>left rear</position>
				<material>metal</material>
			</wheel>
			<wheel>
				<position>right rear</position>
				<material>metal</material>
			</wheel>
			<wheel>
				<position>front</position>
				<material>metal</material>
			</wheel>
			<wheel>
				<position>rear</position>
				<material>metal</material>
			</wheel>
		</wheels>
		<powertrain>
			<human>InternalCombustion</human>
		</powertrain>
	</vehicle>
	<vehicle>
		<id>vehicle 2</id>
		<frame>
			<material>plastic</material>
		</frame>
		<wheels>
			<wheel>
				<position>left rear</position>
				<material>plastic</material>
			</wheel>
			<wheel>
				<position>right rear</position>
				<material>plastic</material>
			</wheel>
			<wheel>
				<position>front</position>
				<material>plastic</material>
			</wheel>
		</wheels>
		<powertrain>
			<human>human</human>
		</powertrain>
	</vehicle>
	<vehicle>
		<id>vehicle 3</id>
		<frame>
			<material>metal</material>
		</frame>
		<wheels>
			<wheel>
				<position>rear</position>
				<material>metal</material>
			</wheel>
			<wheel>
				<position>front</position>
				<material>metal</material>
			</wheel>
		</wheels>
		<powertrain>
			<human>human</human>
		</powertrain>
	</vehicle>
	<vehicle>
		<id>vehicle 4</id>
		<frame>
			<material>plastic</material>
		</frame>
		
		<powertrain>
			<human>Bernoulli</human>
		</powertrain>
	</vehicle>
	<vehicle>
		<id>vehicle 5</id>
		<frame>
			<material>metal</material>
		</frame>
		<wheels>
			<wheel>
				<position>rear</position>
				<material>metal</material>
			</wheel>
			<wheel>
				<position>front</position>
				<material>metal</material>
			</wheel>
		</wheels>
		<powertrain>
			<human>human</human>
		</powertrain>
	</vehicle>
	
</vehicles>
