<?xml version='1.0' encoding='UTF-8'?>
<!DOCTYPE hibernate-configuration PUBLIC
          "-//Hibernate/Hibernate Configuration DTD 3.0//EN"
          "http://hibernate.sourceforge.net/hibernate-configuration-3.0.dtd">

<!-- Generated by MyEclipse Hibernate Tools.                   -->
<hibernate-configuration>

    <session-factory>
    	
    	<property name="connection.driver_class">oracle.jdbc.driver.OracleDriver</property>
    	
    	<property name="connection.url">jdbc:oracle:thin:@localhost:1521:XE</property>
    	
    	<property name="connection.username">system</property>
    	<property name="connection.password">azad</property>
    	
    	<property name="hibernate.dialect">org.hibernate.dialect.OracleDialect</property>
    	
    	<property name="hibernate.show_sql">true</property>
    	<property name="hibernate.default_schema">system</property>
    	<!-- <property name="hibernate.format_sql">true</property> -->
    	
    	<property name="hibernate.hbm2ddl.auto">update</property>
    	<!--  <mapping class="com.mapping.Student"/>
    	<mapping class="com.mapping.Phone"/>  -->
    	 <!-- <mapping class="com.mapping.onetomany.EmployeeEntity"/>
    <mapping class="com.mapping.onetomany.AccountEntity"/> -->
	<mapping class="com.mapping.bidirectional.onetomany.embedded.EmployeeEntity1"/>
    <mapping class="com.mapping.bidirectional.onetomany.embedded.AccountEntity1"/>
    
    	
    </session-factory>

</hibernate-configuration>